"Date","Price","Open","High","Low","Vol.","Change %"
"12/31/2019","14.48","15.63","15.97","14.48","","-5.73%"
"12/30/2019","15.36","14.81","16.12","14.59","","9.48%"
"12/27/2019","14.03","12.67","14.23","12.64","","11.53%"
"12/26/2019","12.58","11.24","12.82","9.88","","1.78%"
"12/24/2019","12.36","12.52","12.54","12.26","","0.16%"
"12/23/2019","12.34","12.51","12.52","12.07","","4.75%"
"12/20/2019","11.78","11.62","11.96","11.49","","0.43%"
"12/19/2019","11.73","12.23","12.23","11.71","","-1.84%"
"12/18/2019","11.95","11.76","11.95","11.57","","1.36%"
"12/17/2019","11.79","11.68","11.94","11.58","","0.51%"
"12/16/2019","11.73","12.30","12.30","11.52","","-6.53%"
"12/13/2019","12.55","14.16","14.54","12.49","","-11.12%"
"12/12/2019","14.12","15.41","15.51","13.73","","-4.40%"
"12/11/2019","14.77","15.33","15.58","14.66","","-4.77%"
"12/10/2019","15.51","15.42","16.02","14.90","","0.26%"
"12/09/2019","15.47","14.83","15.48","14.50","","8.64%"
"12/06/2019","14.24","14.95","14.95","14.10","","-10.50%"
"12/05/2019","15.91","16.05","16.92","15.84","","-0.75%"
"12/04/2019","16.03","16.18","16.20","15.35","","-4.18%"
"12/03/2019","16.73","17.71","18.60","16.63","","8.50%"
"12/02/2019","15.42","13.86","16.13","13.86","","15.68%"
"11/29/2019","13.33","13.08","13.48","13.08","","8.46%"
"11/27/2019","12.29","12.41","12.50","12.06","","-1.60%"
"11/26/2019","12.49","12.82","12.93","12.35","","-2.73%"
"11/25/2019","12.84","13.65","13.65","12.80","","-6.14%"
"11/22/2019","13.68","14.07","14.78","13.66","","-4.40%"
"11/21/2019","14.31","13.93","14.75","13.92","","6.00%"
"11/20/2019","13.50","13.47","14.81","13.16","","2.90%"
"11/19/2019","13.12","12.91","13.47","12.89","","0.46%"
"11/18/2019","13.06","13.53","13.83","12.97","","1.32%"
"11/15/2019","12.89","13.72","13.87","12.88","","-8.97%"
"11/14/2019","14.16","14.79","14.88","14.05","","-0.70%"
"11/13/2019","14.26","14.48","14.62","13.91","","1.78%"
"11/12/2019","14.01","14.12","14.39","13.76","","-0.64%"
"11/11/2019","14.10","14.66","14.86","14.01","","3.75%"
"11/08/2019","13.59","14.35","14.86","13.58","","-3.89%"
"11/07/2019","14.14","13.95","14.41","13.85","","2.39%"
"11/06/2019","13.81","14.58","14.73","13.80","","-4.10%"
"11/05/2019","14.40","14.16","14.53","13.99","","2.42%"
"11/04/2019","14.06","13.97","14.65","13.92","","3.08%"
"11/01/2019","13.64","14.39","14.50","13.57","","-7.90%"
"10/31/2019","14.81","14.60","15.78","14.56","","2.56%"
"10/30/2019","14.44","14.97","15.82","14.34","","-4.24%"
"10/29/2019","15.08","14.38","15.24","14.27","","6.05%"
"10/28/2019","14.22","14.05","14.54","13.92","","1.72%"
"10/25/2019","13.98","15.54","15.54","13.94","","-6.92%"
"10/24/2019","15.02","15.61","16.12","15.01","","-5.48%"
"10/23/2019","15.89","16.43","16.59","15.76","","-1.91%"
"10/22/2019","16.20","15.34","16.62","15.11","","4.05%"
"10/21/2019","15.57","16.39","16.48","15.49","","-5.18%"
"10/18/2019","16.42","16.02","17.28","15.73","","3.99%"
"10/17/2019","15.79","16.09","16.73","15.72","","-2.89%"
"10/16/2019","16.26","16.32","16.50","15.91","","3.44%"
"10/15/2019","15.72","16.89","16.93","15.47","","-9.19%"
"10/14/2019","17.31","18.35","18.44","17.19","","-6.73%"
"10/11/2019","18.56","18.72","19.31","17.53","","-7.15%"
"10/10/2019","19.99","21.54","21.62","19.97","","-4.85%"
"10/09/2019","21.01","21.32","21.84","20.33","","-6.41%"
"10/08/2019","22.45","21.19","22.61","20.40","","11.97%"
"10/07/2019","20.05","19.85","20.31","18.81","","5.64%"
"10/04/2019","18.98","20.82","20.85","18.73","","-10.89%"
"10/03/2019","21.30","22.66","24.33","21.26","","-5.08%"
"10/02/2019","22.44","21.59","23.38","21.54","","9.89%"
"10/01/2019","20.42","18.31","20.79","17.76","","8.62%"
"09/30/2019","18.80","19.92","19.96","18.50","","-5.15%"
"09/27/2019","19.82","18.11","21.22","17.67","","8.96%"
"09/26/2019","18.19","18.20","19.18","17.86","","3.12%"
"09/25/2019","17.64","19.35","20.59","17.43","","-8.22%"
"09/24/2019","19.22","17.10","19.71","17.03","","10.65%"
"09/23/2019","17.37","18.20","18.52","17.00","","-1.03%"
"09/20/2019","17.55","16.34","17.69","15.44","","8.94%"
"09/19/2019","16.11","16.87","16.89","15.63","","-2.13%"
"09/18/2019","16.46","16.96","18.28","16.44","","-1.79%"
"09/17/2019","16.76","17.40","17.60","16.75","","-2.73%"
"09/16/2019","17.23","16.69","17.73","16.69","","8.36%"
"09/13/2019","15.90","15.89","16.28","15.35","","1.27%"
"09/12/2019","15.70","16.56","16.57","15.37","","-2.79%"
"09/11/2019","16.15","17.46","17.58","16.13","","-7.18%"
"09/10/2019","17.40","17.22","18.48","17.22","","1.93%"
"09/09/2019","17.07","17.25","17.62","16.47","","3.02%"
"09/06/2019","16.57","17.87","17.89","16.25","","-6.28%"
"09/05/2019","17.68","19.89","19.91","17.40","","-9.01%"
"09/04/2019","19.43","21.89","22.01","19.31","","-10.79%"
"09/03/2019","21.78","21.67","22.51","21.26","","6.87%"
"08/30/2019","20.38","19.69","20.87","18.98","","4.25%"
"08/29/2019","19.55","21.86","21.87","19.30","","-8.77%"
"08/28/2019","21.43","22.77","24.01","21.11","","-5.64%"
"08/27/2019","22.71","21.85","23.52","20.73","","5.14%"
"08/26/2019","21.60","22.98","23.08","21.57","","-4.64%"
"08/23/2019","22.65","19.39","23.24","18.50","","18.34%"
"08/22/2019","19.14","18.44","20.18","17.40","","6.22%"
"08/21/2019","18.02","19.58","19.60","17.46","","-6.78%"
"08/20/2019","19.33","18.40","19.59","18.14","","6.97%"
"08/19/2019","18.07","20.87","20.89","17.89","","-10.59%"
"08/16/2019","20.21","23.64","23.66","19.91","","-13.63%"
"08/15/2019","23.40","25.01","25.64","23.21","","-4.06%"
"08/14/2019","24.39","19.64","24.52","19.64","","24.06%"
"08/13/2019","19.66","23.40","23.42","19.40","","-14.37%"
"08/12/2019","22.96","20.60","23.55","20.60","","15.26%"
"08/09/2019","19.92","19.20","21.84","19.20","","6.35%"
"08/08/2019","18.73","22.27","22.28","18.62","","-13.13%"
"08/07/2019","21.56","22.76","25.52","21.43","","-3.53%"
"08/06/2019","22.35","26.45","26.47","22.08","","-12.28%"
"08/05/2019","25.48","20.39","26.82","20.39","","26.08%"
"08/02/2019","20.21","19.29","21.76","19.28","","5.92%"
"08/01/2019","19.08","17.31","20.15","15.23","","13.71%"
"07/31/2019","16.78","15.48","17.62","14.72","","9.53%"
"07/30/2019","15.32","14.50","15.61","14.50","","6.69%"
"07/29/2019","14.36","14.29","14.87","14.14","","4.97%"
"07/26/2019","13.68","14.77","14.79","13.61","","-9.40%"
"07/25/2019","15.10","14.02","15.52","14.02","","9.50%"
"07/24/2019","13.79","14.38","14.81","13.63","","-4.24%"
"07/23/2019","14.40","15.38","15.39","14.34","","-6.25%"
"07/22/2019","15.36","16.63","16.65","15.19","","-3.27%"
"07/19/2019","15.88","15.47","15.93","14.91","","2.78%"
"07/18/2019","15.45","16.40","16.45","15.23","","-0.96%"
"07/17/2019","15.60","15.02","15.75","14.69","","5.19%"
"07/16/2019","14.83","14.71","15.01","14.18","","1.51%"
"07/15/2019","14.61","15.17","15.19","14.54","","0.21%"
"07/12/2019","14.58","15.34","15.36","14.52","","-4.02%"
"07/11/2019","15.19","15.11","15.43","14.57","","3.33%"
"07/10/2019","14.70","15.98","16.00","14.65","","-7.02%"
"07/09/2019","15.81","16.38","16.68","15.68","","-2.17%"
"07/08/2019","16.16","15.74","16.55","15.74","","7.95%"
"07/05/2019","14.97","15.28","16.39","14.91","","2.32%"
"07/03/2019","14.63","15.08","15.13","14.59","","-2.98%"
"07/02/2019","15.08","16.40","16.42","15.06","","-7.20%"
"07/01/2019","16.25","19.14","19.16","16.07","","-13.43%"
"06/28/2019","18.77","19.11","19.49","18.75","","-1.05%"
"06/27/2019","18.97","19.51","19.65","18.66","","-0.42%"
"06/26/2019","19.05","19.55","19.57","18.61","","-1.80%"
"06/25/2019","19.40","18.23","19.86","18.23","","6.65%"
"06/24/2019","18.19","18.44","18.46","17.83","","1.73%"
"06/21/2019","17.88","17.81","18.15","17.39","","0.73%"
"06/20/2019","17.75","18.21","19.30","17.48","","5.91%"
"06/19/2019","16.76","17.65","18.13","16.64","","-6.11%"
"06/18/2019","17.85","18.29","18.30","17.34","","-2.35%"
"06/17/2019","18.28","19.14","19.14","18.04","","-2.97%"
"06/14/2019","18.84","19.16","19.75","18.76","","-1.41%"
"06/13/2019","19.11","19.92","19.93","19.01","","3.75%"
"06/12/2019","18.42","18.38","18.94","18.30","","0.27%"
"06/11/2019","18.37","18.35","18.69","17.49","","-0.05%"
"06/10/2019","18.38","19.18","19.18","18.01","","-3.06%"
"06/07/2019","18.96","20.05","20.06","18.73","","-5.44%"
"06/06/2019","20.05","20.77","20.80","19.64","","4.92%"
"06/05/2019","19.11","20.25","20.60","19.08","","-5.30%"
"06/04/2019","20.18","23.23","23.23","20.12","","-13.65%"
"06/03/2019","23.37","23.18","24.01","21.90","","2.64%"
"05/31/2019","22.77","21.65","23.21","21.65","","5.27%"
"05/30/2019","21.63","22.57","22.58","20.93","","4.54%"
"05/29/2019","20.69","20.68","21.87","20.64","","0.05%"
"05/28/2019","20.68","20.74","20.77","19.39","","0.83%"
"05/24/2019","20.51","21.13","21.14","19.67","","-2.24%"
"05/23/2019","20.98","19.82","22.63","19.82","","15.21%"
"05/22/2019","18.21","18.28","18.61","17.70","","-0.05%"
"05/21/2019","18.22","20.27","20.27","17.97","","-9.71%"
"05/20/2019","20.18","18.69","20.80","18.69","","8.85%"
"05/17/2019","18.54","17.67","18.92","16.84","","4.75%"
"05/16/2019","17.70","19.09","19.10","16.87","","-0.73%"
"05/15/2019","17.83","19.92","20.75","17.54","","-10.63%"
"05/14/2019","19.95","22.96","22.97","18.97","","-11.61%"
"05/13/2019","22.57","17.91","23.00","17.91","","26.09%"
"05/10/2019","17.90","20.89","22.08","17.16","","-14.44%"
"05/09/2019","20.92","21.10","24.67","20.49","","4.39%"
"05/08/2019","20.04","20.03","20.97","18.78","","-1.13%"
"05/07/2019","20.27","16.22","21.80","16.22","","25.51%"
"05/06/2019","16.15","14.37","17.40","14.37","","13.41%"
"05/03/2019","14.24","15.81","15.82","14.14","","-9.87%"
"05/02/2019","15.80","16.24","17.05","15.47","","8.59%"
"05/01/2019","14.55","14.03","14.55","13.24","","3.41%"
"04/30/2019","14.07","14.18","14.94","14.06","","0.72%"
"04/29/2019","13.97","14.24","14.39","13.96","","0.14%"
"04/26/2019","13.95","15.28","15.39","13.95","","-9.06%"
"04/25/2019","15.34","15.24","16.20","15.07","","5.94%"
"04/24/2019","14.48","13.79","14.58","13.79","","4.78%"
"04/23/2019","13.82","13.67","13.94","13.30","","1.02%"
"04/22/2019","13.68","14.22","14.58","13.62","","-1.94%"
"04/18/2019","13.95","14.89","14.89","13.91","","2.35%"
"04/17/2019","13.63","13.85","14.20","13.33","","-1.02%"
"04/16/2019","13.77","14.23","14.24","13.59","","-2.48%"
"04/15/2019","14.12","14.38","15.17","14.12","","-0.28%"
"04/12/2019","14.16","15.48","15.49","14.15","","-8.41%"
"04/11/2019","15.46","15.77","15.84","15.37","","6.99%"
"04/10/2019","14.45","15.61","15.61","14.45","","-7.07%"
"04/09/2019","15.55","15.02","15.72","15.02","","3.81%"
"04/08/2019","14.98","15.31","15.57","14.89","","-1.51%"
"04/05/2019","15.21","15.84","15.85","15.13","","-3.49%"
"04/04/2019","15.76","15.94","16.51","15.64","","8.17%"
"04/03/2019","14.57","14.58","14.92","14.19","","1.04%"
"04/02/2019","14.42","15.43","15.44","14.23","","-3.74%"
"04/01/2019","14.98","15.87","15.88","14.82","","-4.65%"
"03/29/2019","15.71","17.25","17.25","15.66","","-8.87%"
"03/28/2019","17.24","18.31","18.32","17.21","","3.11%"
"03/27/2019","16.72","16.77","17.95","16.28","","-0.42%"
"03/26/2019","16.79","17.90","17.91","16.50","","-6.88%"
"03/25/2019","18.03","18.90","19.73","17.95","","-3.94%"
"03/22/2019","18.77","15.70","19.14","15.70","","18.57%"
"03/21/2019","15.83","15.08","16.29","15.08","","9.55%"
"03/20/2019","14.45","14.87","15.13","14.13","","-2.50%"
"03/19/2019","14.82","14.61","15.18","14.17","","1.65%"
"03/18/2019","14.58","14.63","15.25","14.40","","-0.34%"
"03/15/2019","14.63","14.99","15.00","13.86","","-2.14%"
"03/14/2019","14.95","14.99","15.19","14.72","","7.94%"
"03/13/2019","13.85","14.22","14.23","13.58","","-2.88%"
"03/12/2019","14.26","15.04","15.04","14.06","","-6.00%"
"03/11/2019","15.17","17.81","17.82","15.13","","-14.82%"
"03/08/2019","17.81","19.53","19.90","17.78","","-8.71%"
"03/07/2019","19.51","17.16","27.10","17.16","","23.32%"
"03/06/2019","15.82","14.73","16.07","14.66","","7.11%"
"03/05/2019","14.77","15.28","15.73","14.50","","-2.38%"
"03/04/2019","15.13","14.71","25.60","14.02","","4.78%"
"03/01/2019","14.44","15.82","15.83","14.35","","-9.24%"
"02/28/2019","15.91","16.41","23.39","15.77","","6.28%"
"02/27/2019","14.97","15.66","16.69","14.96","","-3.23%"
"02/26/2019","15.47","15.66","16.00","15.10","","-0.90%"
"02/25/2019","15.61","15.78","15.79","14.75","","0.45%"
"02/22/2019","15.54","17.08","17.09","15.50","","-8.16%"
"02/21/2019","16.92","16.93","18.00","16.64","","8.88%"
"02/20/2019","15.54","15.88","16.09","14.99","","-1.65%"
"02/19/2019","15.80","16.73","16.83","15.56","","-3.83%"
"02/15/2019","16.43","18.01","18.02","16.41","","-7.75%"
"02/14/2019","17.81","18.18","19.44","17.50","","7.61%"
"02/13/2019","16.55","16.67","16.91","16.15","","-0.78%"
"02/12/2019","16.68","18.08","18.09","16.49","","-7.49%"
"02/11/2019","18.03","18.63","18.64","17.89","","-1.80%"
"02/08/2019","18.36","19.46","20.43","18.30","","-5.36%"
"02/07/2019","19.40","18.58","20.52","18.58","","15.48%"
"02/06/2019","16.80","16.97","17.43","16.57","","0.18%"
"02/05/2019","16.77","17.49","17.49","16.60","","-2.90%"
"02/04/2019","17.27","18.51","18.52","17.13","","-5.58%"
"02/01/2019","18.29","18.96","19.20","18.07","","-4.14%"
"01/31/2019","19.08","20.02","20.03","18.37","","1.49%"
"01/30/2019","18.80","21.28","21.28","18.57","","-11.70%"
"01/29/2019","21.29","20.96","21.79","20.68","","2.16%"
"01/28/2019","20.84","20.06","22.05","20.06","","5.68%"
"01/25/2019","19.72","21.95","21.95","19.66","","-8.32%"
"01/24/2019","21.51","23.29","23.29","21.38","","-0.55%"
"01/23/2019","21.63","21.63","21.63","21.63","","-2.30%"
"01/22/2019","22.14","22.14","22.14","22.14","","10.76%"
"01/18/2019","19.99","19.99","19.99","19.99","","-6.06%"
"01/17/2019","21.28","21.28","21.28","21.28","","2.75%"
"01/16/2019","20.71","20.71","20.71","20.71","","-0.34%"
"01/15/2019","20.78","20.78","20.78","20.78","","-10.82%"
"01/14/2019","23.30","23.30","23.30","23.30","","-0.34%"
"01/11/2019","23.38","23.38","23.38","23.38","","-5.84%"
"01/10/2019","24.83","24.83","24.83","24.83","","5.66%"
"01/09/2019","23.50","23.50","23.50","23.50","","-6.41%"
"01/08/2019","25.11","25.11","25.11","25.11","","-4.34%"
"01/07/2019","26.25","26.25","26.25","26.25","","-3.81%"
"01/04/2019","27.29","27.29","27.29","27.29","","-13.17%"
"01/03/2019","31.43","31.43","31.43","31.43","","14.88%"
"01/02/2019","27.36","27.36","27.36","27.36","","-6.01%"
"12/31/2018","29.11","29.11","29.11","29.11","","-10.54%"
"12/28/2018","32.54","32.54","32.54","32.54","","-2.19%"
"12/27/2018","33.27","33.27","33.27","33.27","","9.08%"
"12/26/2018","30.50","30.50","30.50","30.50","","-15.37%"
"12/24/2018","36.04","36.04","36.04","36.04","","10.25%"
"12/21/2018","32.69","32.69","32.69","32.69","","7.57%"
"12/20/2018","30.39","30.39","30.39","30.39","","13.61%"
"12/19/2018","26.75","26.75","26.75","26.75","","-1.83%"
"12/18/2018","27.25","27.25","27.25","27.25","","-1.02%"
"12/17/2018","27.53","27.53","27.53","27.53","","5.68%"
"12/14/2018","26.05","26.05","26.05","26.05","","5.21%"
"12/13/2018","24.76","24.76","24.76","24.76","","5.50%"
"12/12/2018","23.47","23.47","23.47","23.47","","-3.46%"
"12/11/2018","24.31","24.31","24.31","24.31","","-2.37%"
"12/10/2018","24.90","24.90","24.90","24.90","","-5.82%"
"12/07/2018","26.44","26.44","26.44","26.44","","6.10%"
"12/06/2018","24.92","24.92","24.92","24.92","","7.65%"
"12/04/2018","23.15","23.15","23.15","23.15","","16.98%"
"12/03/2018","19.79","19.79","19.79","19.79","","-13.58%"
"11/30/2018","22.90","22.90","22.90","22.90","","-1.67%"
"11/29/2018","23.29","23.29","23.29","23.29","","8.28%"
"11/28/2018","21.51","21.51","21.51","21.51","","-3.80%"
"11/27/2018","22.36","22.36","22.36","22.36","","-6.17%"
"11/26/2018","23.83","23.83","23.83","23.83","","-10.14%"
"11/23/2018","26.52","26.52","26.52","26.52","","9.45%"
"11/21/2018","24.23","24.23","24.23","24.23","","-7.38%"
"11/20/2018","26.16","26.16","26.16","26.16","","3.56%"
"11/19/2018","25.26","25.26","25.26","25.26","","10.21%"
"11/16/2018","22.92","22.92","22.92","22.92","","-6.22%"
"11/15/2018","24.44","24.44","24.44","24.44","","-2.12%"
"11/14/2018","24.97","24.97","24.97","24.97","","2.55%"
"11/13/2018","24.35","24.35","24.35","24.35","","-3.07%"
"11/12/2018","25.12","25.12","25.12","25.12","","13.36%"
"11/09/2018","22.16","22.16","22.16","22.16","","6.64%"
"11/08/2018","20.78","20.78","20.78","20.78","","10.71%"
"11/07/2018","18.77","18.77","18.77","18.77","","-16.95%"
"11/06/2018","22.60","22.60","22.60","22.60","","-6.92%"
"11/05/2018","24.28","24.28","24.28","24.28","","0.41%"
"11/02/2018","24.18","24.18","24.18","24.18","","0.54%"
"11/01/2018","24.05","24.05","24.05","24.05","","-6.64%"
"10/31/2018","25.76","25.76","25.76","25.76","","-6.80%"
"10/30/2018","27.64","27.64","27.64","27.64","","-4.43%"
"10/29/2018","28.92","28.92","28.92","28.92","","4.33%"
"10/26/2018","27.72","27.72","27.72","27.72","","0.22%"
"10/25/2018","27.66","27.66","27.66","27.66","","0.44%"
"10/24/2018","27.54","27.54","27.54","27.54","","21.59%"
"10/23/2018","22.65","22.65","22.65","22.65","","0.22%"
"10/22/2018","22.60","22.60","22.60","22.60","","-5.60%"
"10/19/2018","23.94","23.94","23.94","23.94","","-2.17%"
"10/18/2018","24.47","24.47","24.47","24.47","","22.47%"
"10/17/2018","19.98","19.98","19.98","19.98","","1.52%"
"10/16/2018","19.68","19.68","19.68","19.68","","-18.17%"
"10/15/2018","24.05","24.05","24.05","24.05","","4.98%"
"10/12/2018","22.91","22.91","22.91","22.91","","-10.65%"
"10/11/2018","25.64","25.64","25.64","25.64","","3.81%"
"10/10/2018","24.70","24.70","24.70","24.70","","30.69%"
"10/09/2018","18.90","18.90","18.90","18.90","","-3.32%"
"10/08/2018","19.55","19.55","19.55","19.55","","1.30%"
"10/05/2018","19.30","19.30","19.30","19.30","","6.39%"
"10/04/2018","18.14","18.14","18.14","18.14","","26.76%"
"10/03/2018","14.31","14.31","14.31","14.31","","-1.51%"
"10/02/2018","14.53","14.53","14.53","14.53","","1.32%"
"10/01/2018","14.34","14.34","14.34","14.34","","-0.49%"
"09/28/2018","14.41","14.41","14.41","14.41","","-2.57%"
"09/27/2018","14.79","14.79","14.79","14.79","","4.08%"
"09/26/2018","14.21","14.21","14.21","14.21","","-0.28%"
"09/25/2018","14.25","14.25","14.25","14.25","","-2.33%"
"09/24/2018","14.59","14.59","14.59","14.59","","-3.89%"
"09/21/2018","15.18","15.18","15.18","15.18","","2.36%"
"09/20/2018","14.83","14.83","14.83","14.83","","2.63%"
"09/19/2018","14.45","14.45","14.45","14.45","","-3.73%"
"09/18/2018","15.01","15.01","15.01","15.01","","-8.14%"
"09/17/2018","16.34","16.34","16.34","16.34","","14.19%"
"09/14/2018","14.31","14.31","14.31","14.31","","-2.79%"
"09/13/2018","14.72","14.72","14.72","14.72","","1.38%"
"09/12/2018","14.52","14.52","14.52","14.52","","-1.96%"
"09/11/2018","14.81","14.81","14.81","14.81","","-7.73%"
"09/10/2018","16.05","16.05","16.05","16.05","","-7.33%"
"09/07/2018","17.32","17.32","17.32","17.32","","1.35%"
"09/06/2018","17.09","17.09","17.09","17.09","","12.73%"
"09/05/2018","15.16","15.16","15.16","15.16","","8.36%"
"09/04/2018","13.99","13.99","13.99","13.99","","0.72%"
"08/31/2018","13.89","13.89","13.89","13.89","","-3.07%"
"08/30/2018","14.33","14.33","14.33","14.33","","15.47%"
"08/29/2018","12.41","12.41","12.41","12.41","","-1.74%"
"08/28/2018","12.63","12.63","12.63","12.63","","-1.86%"
"08/27/2018","12.87","12.87","12.87","12.87","","-1.38%"
"08/24/2018","13.05","13.05","13.05","13.05","","-7.05%"
"08/23/2018","14.04","14.04","14.04","14.04","","10.46%"
"08/22/2018","12.71","12.71","12.71","12.71","","-6.41%"
"08/21/2018","13.58","13.58","13.58","13.58","","-1.45%"
"08/20/2018","13.78","13.78","13.78","13.78","","-2.27%"
"08/17/2018","14.10","14.10","14.10","14.10","","-5.37%"
"08/16/2018","14.90","14.90","14.90","14.90","","2.97%"
"08/15/2018","14.47","14.47","14.47","14.47","","11.65%"
"08/14/2018","12.96","12.96","12.96","12.96","","-9.56%"
"08/13/2018","14.33","14.33","14.33","14.33","","3.17%"
"08/10/2018","13.89","13.89","13.89","13.89","","7.93%"
"08/09/2018","12.87","12.87","12.87","12.87","","8.24%"
"08/08/2018","11.89","11.89","11.89","11.89","","-1.00%"
"08/07/2018","12.01","12.01","12.01","12.01","","-5.66%"
"08/06/2018","12.73","12.73","12.73","12.73","","-6.12%"
"08/03/2018","13.56","13.56","13.56","13.56","","-5.37%"
"08/02/2018","14.33","14.33","14.33","14.33","","-6.64%"
"08/01/2018","15.35","15.35","15.35","15.35","","-6.40%"
"07/31/2018","16.40","16.40","16.40","16.40","","-8.38%"
"07/30/2018","17.90","17.90","17.90","17.90","","5.79%"
"07/27/2018","16.92","16.92","16.92","16.92","","10.73%"
"07/26/2018","15.28","15.28","15.28","15.28","","11.13%"
"07/25/2018","13.75","13.75","13.75","13.75","","-4.65%"
"07/24/2018","14.42","14.42","14.42","14.42","","3.22%"
"07/23/2018","13.97","13.97","13.97","13.97","","-9.46%"
"07/20/2018","15.43","15.43","15.43","15.43","","-2.89%"
"07/19/2018","15.89","15.89","15.89","15.89","","13.99%"
"07/18/2018","13.94","13.94","13.94","13.94","","-2.52%"
"07/17/2018","14.30","14.30","14.30","14.30","","-8.33%"
"07/16/2018","15.60","15.60","15.60","15.60","","3.52%"
"07/13/2018","15.07","15.07","15.07","15.07","","-2.33%"
"07/12/2018","15.43","15.43","15.43","15.43","","-0.13%"
"07/11/2018","15.45","15.45","15.45","15.45","","2.18%"
"07/10/2018","15.12","15.12","15.12","15.12","","-0.72%"
"07/09/2018","15.23","15.23","15.23","15.23","","-8.91%"
"07/06/2018","16.72","16.72","16.72","16.72","","-10.87%"
"07/05/2018","18.76","18.76","18.76","18.76","","-2.60%"
"07/03/2018","19.26","19.26","19.26","19.26","","5.13%"
"07/02/2018","18.32","18.32","18.32","18.32","","-4.88%"
"06/29/2018","19.26","19.26","19.26","19.26","","-3.99%"
"06/28/2018","20.06","20.06","20.06","20.06","","1.98%"
"06/27/2018","19.67","19.67","19.67","19.67","","12.53%"
"06/26/2018","17.48","17.48","17.48","17.48","","-7.46%"
"06/25/2018","18.89","18.89","18.89","18.89","","15.61%"
"06/22/2018","16.34","16.34","16.34","16.34","","-4.05%"
"06/21/2018","17.03","17.03","17.03","17.03","","24.31%"
"06/20/2018","13.70","13.70","13.70","13.70","","-4.60%"
"06/19/2018","14.36","14.36","14.36","14.36","","0.49%"
"06/18/2018","14.29","14.29","14.29","14.29","","4.46%"
"06/15/2018","13.68","13.68","13.68","13.68","","-3.46%"
"06/14/2018","14.17","14.17","14.17","14.17","","4.19%"
"06/13/2018","13.60","13.60","13.60","13.60","","2.64%"
"06/12/2018","13.25","13.25","13.25","13.25","","-3.99%"
"06/11/2018","13.80","13.80","13.80","13.80","","-2.54%"
"06/08/2018","14.16","14.16","14.16","14.16","","0.28%"
"06/07/2018","14.12","14.12","14.12","14.12","","15.08%"
"06/06/2018","12.27","12.27","12.27","12.27","","0.49%"
"06/05/2018","12.21","12.21","12.21","12.21","","-2.48%"
"06/04/2018","12.52","12.52","12.52","12.52","","-3.99%"
"06/01/2018","13.04","13.04","13.04","13.04","","-10.01%"
"05/31/2018","14.49","14.49","14.49","14.49","","7.25%"
"05/30/2018","13.51","13.51","13.51","13.51","","-10.47%"
"05/29/2018","15.09","15.09","15.09","15.09","","8.09%"
"05/25/2018","13.96","13.96","13.96","13.96","","-0.78%"
"05/24/2018","14.07","14.07","14.07","14.07","","4.92%"
"05/23/2018","13.41","13.41","13.41","13.41","","-5.89%"
"05/22/2018","14.25","14.25","14.25","14.25","","-0.84%"
"05/21/2018","14.37","14.37","14.37","14.37","","-5.46%"
"05/18/2018","15.20","15.20","15.20","15.20","","-1.30%"
"05/17/2018","15.40","15.40","15.40","15.40","","10.71%"
"05/16/2018","13.91","13.91","13.91","13.91","","-6.14%"
"05/15/2018","14.82","14.82","14.82","14.82","","6.70%"
"05/14/2018","13.89","13.89","13.89","13.89","","-3.68%"
"05/11/2018","14.42","14.42","14.42","14.42","","-3.80%"
"05/10/2018","14.99","14.99","14.99","14.99","","2.53%"
"05/09/2018","14.62","14.62","14.62","14.62","","-6.70%"
"05/08/2018","15.67","15.67","15.67","15.67","","-2.85%"
"05/07/2018","16.13","16.13","16.13","16.13","","-3.30%"
"05/04/2018","16.68","16.68","16.68","16.68","","-8.60%"
"05/03/2018","18.25","18.25","18.25","18.25","","4.76%"
"05/02/2018","17.42","17.42","17.42","17.42","","0.23%"
"05/01/2018","17.38","17.38","17.38","17.38","","-7.41%"
"04/30/2018","18.77","18.77","18.77","18.77","","-0.32%"
"04/27/2018","18.83","18.83","18.83","18.83","","-0.21%"
"04/26/2018","18.87","18.87","18.87","18.87","","-5.93%"
"04/25/2018","20.06","20.06","20.06","20.06","","-4.16%"
"04/24/2018","20.93","20.93","20.93","20.93","","6.35%"
"04/23/2018","19.68","19.68","19.68","19.68","","-1.20%"
"04/20/2018","19.92","19.92","19.92","19.92","","6.35%"
"04/19/2018","18.73","18.73","18.73","18.73","","11.69%"
"04/18/2018","16.77","16.77","16.77","16.77","","-2.22%"
"04/17/2018","17.15","17.15","17.15","17.15","","-6.44%"
"04/16/2018","18.33","18.33","18.33","18.33","","-10.98%"
"04/13/2018","20.59","20.59","20.59","20.59","","-5.16%"
"04/12/2018","21.71","21.71","21.71","21.71","","-1.32%"
"04/11/2018","22.00","22.00","22.00","22.00","","-3.00%"
"04/10/2018","22.68","22.68","22.68","22.68","","-7.80%"
"04/09/2018","24.60","24.60","24.60","24.60","","-3.76%"
"04/06/2018","25.56","25.56","25.56","25.56","","10.60%"
"04/05/2018","23.11","23.11","23.11","23.11","","0.00%"
"04/04/2018","23.11","23.11","23.11","23.11","","-8.62%"
"04/03/2018","25.29","25.29","25.29","25.29","","-7.67%"
"04/02/2018","27.39","27.39","27.39","27.39","","7.67%"
"03/29/2018","25.44","25.44","25.44","25.44","","-5.43%"
"03/28/2018","26.90","26.90","26.90","26.90","","5.78%"
"03/27/2018","25.43","25.43","25.43","25.43","","16.33%"
"03/26/2018","21.86","21.86","21.86","21.86","","-14.24%"
"03/23/2018","25.49","25.49","25.49","25.49","","8.51%"
"03/22/2018","23.49","23.49","23.49","23.49","","34.38%"
"03/21/2018","17.48","17.48","17.48","17.48","","-0.40%"
"03/20/2018","17.55","17.55","17.55","17.55","","-2.72%"
"03/19/2018","18.04","18.04","18.04","18.04","","15.42%"
"03/16/2018","15.63","15.63","15.63","15.63","","-7.35%"
"03/15/2018","16.87","16.87","16.87","16.87","","2.62%"
"03/14/2018","16.44","16.44","16.44","16.44","","-0.84%"
"03/13/2018","16.58","16.58","16.58","16.58","","6.49%"
"03/12/2018","15.57","15.57","15.57","15.57","","6.06%"
"03/09/2018","14.68","14.68","14.68","14.68","","-11.25%"
"03/08/2018","16.54","16.54","16.54","16.54","","2.29%"
"03/07/2018","16.17","16.17","16.17","16.17","","-3.12%"
"03/06/2018","16.69","16.69","16.69","16.69","","-1.82%"
"03/05/2018","17.00","17.00","17.00","17.00","","-8.60%"
"03/02/2018","18.60","18.60","18.60","18.60","","-13.93%"
"03/01/2018","21.61","21.61","21.61","21.61","","21.20%"
"02/28/2018","17.83","17.83","17.83","17.83","","4.33%"
"02/27/2018","17.09","17.09","17.09","17.09","","14.31%"
"02/26/2018","14.95","14.95","14.95","14.95","","-3.11%"
"02/23/2018","15.43","15.43","15.43","15.43","","-15.68%"
"02/22/2018","18.30","18.30","18.30","18.30","","0.27%"
"02/21/2018","18.25","18.25","18.25","18.25","","1.56%"
"02/20/2018","17.97","17.97","17.97","17.97","","2.57%"
"02/16/2018","17.52","17.52","17.52","17.52","","-4.21%"
"02/15/2018","18.29","18.29","18.29","18.29","","7.40%"
"02/14/2018","17.03","17.03","17.03","17.03","","-12.49%"
"02/13/2018","19.46","19.46","19.46","19.46","","-4.98%"
"02/12/2018","20.48","20.48","20.48","20.48","","-20.90%"
"02/09/2018","25.89","25.89","25.89","25.89","","-14.70%"
"02/08/2018","30.35","30.35","30.35","30.35","","49.36%"
"02/07/2018","20.32","20.32","20.32","20.32","","-7.93%"
"02/06/2018","22.07","22.07","22.07","22.07","","-21.93%"
"02/05/2018","28.27","28.27","28.27","28.27","","53.89%"
"02/02/2018","18.37","18.37","18.37","18.37","","8.76%"
"02/01/2018","16.89","16.89","16.89","16.89","","0.66%"
"01/31/2018","16.78","16.78","16.78","16.78","","-3.78%"
"01/30/2018","17.44","17.44","17.44","17.44","","1.57%"
"01/29/2018","17.17","17.17","17.17","17.17","","8.19%"
"01/26/2018","15.87","15.87","15.87","15.87","","-4.46%"
"01/25/2018","16.61","16.61","16.61","16.61","","8.49%"
"01/24/2018","15.31","15.31","15.31","15.31","","6.32%"
"01/23/2018","14.40","14.40","14.40","14.40","","2.20%"
"01/22/2018","14.09","14.09","14.09","14.09","","-2.02%"
"01/19/2018","14.38","14.38","14.38","14.38","","-7.17%"
"01/18/2018","15.49","15.49","15.49","15.49","","11.44%"
"01/17/2018","13.90","13.90","13.90","13.90","","-1.97%"
"01/16/2018","14.18","14.18","14.18","14.18","","8.83%"
"01/12/2018","13.03","13.03","13.03","13.03","","-1.21%"
"01/11/2018","13.19","13.19","13.19","13.19","","4.43%"
"01/10/2018","12.63","12.63","12.63","12.63","","3.10%"
"01/09/2018","12.25","12.25","12.25","12.25","","2.34%"
"01/08/2018","11.97","11.97","11.97","11.97","","0.25%"
"01/05/2018","11.94","11.94","11.94","11.94","","0.76%"
"01/04/2018","11.85","11.85","11.85","11.85","","15.61%"
"01/03/2018","10.25","10.25","10.25","10.25","","-6.82%"
"01/02/2018","11.00","11.00","11.00","11.00","","-19.35%"
"12/29/2017","13.64","13.64","13.64","13.64","","5.49%"
"12/28/2017","12.93","12.93","12.93","12.93","","16.59%"
"12/27/2017","11.09","11.09","11.09","11.09","","1.00%"
"12/26/2017","10.98","10.98","10.98","10.98","","2.52%"
"12/22/2017","10.71","10.71","10.71","10.71","","-1.92%"
"12/21/2017","10.92","10.92","10.92","10.92","","3.02%"
"12/20/2017","10.60","10.60","10.60","10.60","","-1.67%"
"12/19/2017","10.78","10.78","10.78","10.78","","1.89%"
"12/18/2017","10.58","10.58","10.58","10.58","","-2.04%"
"12/15/2017","10.80","10.80","10.80","10.80","","-10.60%"
"12/14/2017","12.08","12.08","12.08","12.08","","6.90%"
"12/13/2017","11.30","11.30","11.30","11.30","","0.27%"
"12/12/2017","11.27","11.27","11.27","11.27","","0.00%"
"12/11/2017","11.27","11.27","11.27","11.27","","-9.91%"
"12/08/2017","12.51","12.51","12.51","12.51","","-10.83%"
"12/07/2017","14.03","14.03","14.03","14.03","","2.04%"
"12/06/2017","13.75","13.75","13.75","13.75","","-3.24%"
"12/05/2017","14.21","14.21","14.21","14.21","","-5.20%"
"12/04/2017","14.99","14.99","14.99","14.99","","8.07%"
"12/01/2017","13.87","13.87","13.87","13.87","","1.76%"
"11/30/2017","13.63","13.63","13.63","13.63","","4.05%"
"11/29/2017","13.10","13.10","13.10","13.10","","24.64%"
"11/28/2017","10.51","10.51","10.51","10.51","","-0.10%"
"11/27/2017","10.52","10.52","10.52","10.52","","-0.28%"
"11/24/2017","10.55","10.55","10.55","10.55","","5.08%"
"11/22/2017","10.04","10.04","10.04","10.04","","-2.14%"
"11/21/2017","10.26","10.26","10.26","10.26","","-8.47%"
"11/20/2017","11.21","11.21","11.21","11.21","","-4.43%"
"11/17/2017","11.73","11.73","11.73","11.73","","-5.02%"
"11/16/2017","12.35","12.35","12.35","12.35","","-2.91%"
"11/15/2017","12.72","12.72","12.72","12.72","","6.35%"
"11/14/2017","11.96","11.96","11.96","11.96","","-0.66%"
"11/13/2017","12.04","12.04","12.04","12.04","","-2.90%"
"11/10/2017","12.40","12.40","12.40","12.40","","-1.20%"
"11/09/2017","12.55","12.55","12.55","12.55","","12.96%"
"11/08/2017","11.11","11.11","11.11","11.11","","-2.80%"
"11/07/2017","11.43","11.43","11.43","11.43","","0.62%"
"11/06/2017","11.36","11.36","11.36","11.36","","-5.65%"
"11/03/2017","12.04","12.04","12.04","12.04","","-7.81%"
"11/02/2017","13.06","13.06","13.06","13.06","","5.58%"
"11/01/2017","12.37","12.37","12.37","12.37","","-1.75%"
"10/31/2017","12.59","12.59","12.59","12.59","","-1.72%"
"10/30/2017","12.81","12.81","12.81","12.81","","0.55%"
"10/27/2017","12.74","12.74","12.74","12.74","","-7.35%"
"10/26/2017","13.75","13.75","13.75","13.75","","6.10%"
"10/25/2017","12.96","12.96","12.96","12.96","","5.28%"
"10/24/2017","12.31","12.31","12.31","12.31","","-2.69%"
"10/23/2017","12.65","12.65","12.65","12.65","","8.49%"
"10/20/2017","11.66","11.66","11.66","11.66","","-4.82%"
"10/19/2017","12.25","12.25","12.25","12.25","","13.95%"
"10/18/2017","10.75","10.75","10.75","10.75","","-2.18%"
"10/17/2017","10.99","10.99","10.99","10.99","","-2.92%"
"10/16/2017","11.32","11.32","11.32","11.32","","-0.35%"
"10/13/2017","11.36","11.36","11.36","11.36","","-6.19%"
"10/12/2017","12.11","12.11","12.11","12.11","","11.41%"
"10/11/2017","10.87","10.87","10.87","10.87","","-4.82%"
"10/10/2017","11.42","11.42","11.42","11.42","","-1.47%"
"10/09/2017","11.59","11.59","11.59","11.59","","1.76%"
"10/06/2017","11.39","11.39","11.39","11.39","","-0.35%"
"10/05/2017","11.43","11.43","11.43","11.43","","3.91%"
"10/04/2017","11.00","11.00","11.00","11.00","","-3.25%"
"10/03/2017","11.37","11.37","11.37","11.37","","-5.09%"
"10/02/2017","11.98","11.98","11.98","11.98","","-3.78%"
"09/29/2017","12.45","12.45","12.45","12.45","","-7.98%"
"09/28/2017","13.53","13.53","13.53","13.53","","5.62%"
"09/27/2017","12.81","12.81","12.81","12.81","","-1.99%"
"09/26/2017","13.07","13.07","13.07","13.07","","-3.68%"
"09/25/2017","13.57","13.57","13.57","13.57","","9.44%"
"09/22/2017","12.40","12.40","12.40","12.40","","0.40%"
"09/21/2017","12.35","12.35","12.35","12.35","","13.72%"
"09/20/2017","10.86","10.86","10.86","10.86","","-1.00%"
"09/19/2017","10.97","10.97","10.97","10.97","","-3.77%"
"09/18/2017","11.40","11.40","11.40","11.40","","1.15%"
"09/15/2017","11.27","11.27","11.27","11.27","","-8.22%"
"09/14/2017","12.28","12.28","12.28","12.28","","14.23%"
"09/13/2017","10.75","10.75","10.75","10.75","","-5.62%"
"09/12/2017","11.39","11.39","11.39","11.39","","-4.53%"
"09/11/2017","11.93","11.93","11.93","11.93","","-13.80%"
"09/08/2017","13.84","13.84","13.84","13.84","","4.77%"
"09/07/2017","13.21","13.21","13.21","13.21","","6.62%"
"09/06/2017","12.39","12.39","12.39","12.39","","-6.28%"
"09/05/2017","13.22","13.22","13.22","13.22","","6.01%"
"09/01/2017","12.47","12.47","12.47","12.47","","-1.97%"
"08/31/2017","12.72","12.72","12.72","12.72","","4.69%"
"08/30/2017","12.15","12.15","12.15","12.15","","-6.11%"
"08/29/2017","12.94","12.94","12.94","12.94","","-1.90%"
"08/28/2017","13.19","13.19","13.19","13.19","","-6.45%"
"08/25/2017","14.10","14.10","14.10","14.10","","-3.29%"
"08/24/2017","14.58","14.58","14.58","14.58","","9.21%"
"08/23/2017","13.35","13.35","13.35","13.35","","3.65%"
"08/22/2017","12.88","12.88","12.88","12.88","","-15.37%"
"08/21/2017","15.22","15.22","15.22","15.22","","-3.79%"
"08/18/2017","15.82","15.82","15.82","15.82","","-6.39%"
"08/17/2017","16.90","16.90","16.90","16.90","","43.71%"
"08/16/2017","11.76","11.76","11.76","11.76","","-4.39%"
"08/15/2017","12.30","12.30","12.30","12.30","","-5.82%"
"08/14/2017","13.06","13.06","13.06","13.06","","-16.55%"
"08/11/2017","15.65","15.65","15.65","15.65","","-7.72%"
"08/10/2017","16.96","16.96","16.96","16.96","","41.45%"
"08/09/2017","11.99","11.99","11.99","11.99","","-2.84%"
"08/08/2017","12.34","12.34","12.34","12.34","","5.92%"
"08/07/2017","11.65","11.65","11.65","11.65","","-6.87%"
"08/04/2017","12.51","12.51","12.51","12.51","","-6.99%"
"08/03/2017","13.45","13.45","13.45","13.45","","10.43%"
"08/02/2017","12.18","12.18","12.18","12.18","","-3.10%"
"08/01/2017","12.57","12.57","12.57","12.57","","-5.84%"
"07/31/2017","13.35","13.35","13.35","13.35","","-1.69%"
"07/28/2017","13.58","13.58","13.58","13.58","","-1.88%"
"07/27/2017","13.84","13.84","13.84","13.84","","21.19%"
"07/26/2017","11.42","11.42","11.42","11.42","","-2.31%"
"07/25/2017","11.69","11.69","11.69","11.69","","-7.44%"
"07/24/2017","12.63","12.63","12.63","12.63","","-3.07%"
"07/21/2017","13.03","13.03","13.03","13.03","","-1.29%"
"07/20/2017","13.20","13.20","13.20","13.20","","9.73%"
"07/19/2017","12.03","12.03","12.03","12.03","","-0.50%"
"07/18/2017","12.09","12.09","12.09","12.09","","-5.18%"
"07/17/2017","12.75","12.75","12.75","12.75","","1.35%"
"07/14/2017","12.58","12.58","12.58","12.58","","-6.88%"
"07/13/2017","13.51","13.51","13.51","13.51","","2.19%"
"07/12/2017","13.22","13.22","13.22","13.22","","-9.20%"
"07/11/2017","14.56","14.56","14.56","14.56","","-3.45%"
"07/10/2017","15.08","15.08","15.08","15.08","","-3.83%"
"07/07/2017","15.68","15.68","15.68","15.68","","-8.78%"
"07/06/2017","17.19","17.19","17.19","17.19","","13.02%"
"07/05/2017","15.21","15.21","15.21","15.21","","-11.00%"
"07/03/2017","17.09","17.09","17.09","17.09","","5.10%"
"06/30/2017","16.26","16.26","16.26","16.26","","-6.82%"
"06/29/2017","17.45","17.45","17.45","17.45","","26.91%"
"06/28/2017","13.75","13.75","13.75","13.75","","-9.84%"
"06/27/2017","15.25","15.25","15.25","15.25","","10.35%"
"06/26/2017","13.82","13.82","13.82","13.82","","3.44%"
"06/23/2017","13.36","13.36","13.36","13.36","","-3.61%"
"06/22/2017","13.86","13.86","13.86","13.86","","10.09%"
"06/21/2017","12.59","12.59","12.59","12.59","","-6.74%"
"06/20/2017","13.50","13.50","13.50","13.50","","5.47%"
"06/19/2017","12.80","12.80","12.80","12.80","","-13.34%"
"06/16/2017","14.77","14.77","14.77","14.77","","2.36%"
"06/15/2017","14.43","14.43","14.43","14.43","","8.74%"
"06/14/2017","13.27","13.27","13.27","13.27","","4.41%"
"06/13/2017","12.71","12.71","12.71","12.71","","-11.92%"
"06/12/2017","14.43","14.43","14.43","14.43","","-9.64%"
"06/09/2017","15.97","15.97","15.97","15.97","","33.86%"
"06/08/2017","11.93","11.93","11.93","11.93","","5.95%"
"06/07/2017","11.26","11.26","11.26","11.26","","-1.66%"
"06/06/2017","11.45","11.45","11.45","11.45","","5.43%"
"06/05/2017","10.86","10.86","10.86","10.86","","-1.09%"
"06/02/2017","10.98","10.98","10.98","10.98","","-0.90%"
"06/01/2017","11.08","11.08","11.08","11.08","","6.33%"
"05/31/2017","10.42","10.42","10.42","10.42","","-1.23%"
"05/30/2017","10.55","10.55","10.55","10.55","","-0.28%"
"05/26/2017","10.58","10.58","10.58","10.58","","-3.73%"
"05/25/2017","10.99","10.99","10.99","10.99","","12.72%"
"05/24/2017","9.75","9.75","9.75","9.75","","-4.22%"
"05/23/2017","10.18","10.18","10.18","10.18","","-3.05%"
"05/22/2017","10.50","10.50","10.50","10.50","","-9.64%"
"05/19/2017","11.62","11.62","11.62","11.62","","-13.09%"
"05/18/2017","13.37","13.37","13.37","13.37","","-0.30%"
"05/17/2017","13.41","13.41","13.41","13.41","","45.92%"
"05/16/2017","9.19","9.19","9.19","9.19","","-4.87%"
"05/15/2017","9.66","9.66","9.66","9.66","","-5.57%"
"05/12/2017","10.23","10.23","10.23","10.23","","-3.94%"
"05/11/2017","10.65","10.65","10.65","10.65","","14.03%"
"05/10/2017","9.34","9.34","9.34","9.34","","-3.81%"
"05/09/2017","9.71","9.71","9.71","9.71","","4.52%"
"05/08/2017","9.29","9.29","9.29","9.29","","-7.56%"
"05/05/2017","10.05","10.05","10.05","10.05","","-0.79%"
"05/04/2017","10.13","10.13","10.13","10.13","","5.63%"
"05/03/2017","9.59","9.59","9.59","9.59","","-2.44%"
"05/02/2017","9.83","9.83","9.83","9.83","","1.03%"
"05/01/2017","9.73","9.73","9.73","9.73","","3.07%"
"04/28/2017","9.44","9.44","9.44","9.44","","-4.65%"
"04/27/2017","9.90","9.90","9.90","9.90","","5.21%"
"04/26/2017","9.41","9.41","9.41","9.41","","-0.95%"
"04/25/2017","9.50","9.50","9.50","9.50","","-3.06%"
"04/24/2017","9.80","9.80","9.80","9.80","","-21.54%"
"04/21/2017","12.49","12.49","12.49","12.49","","-0.16%"
"04/20/2017","12.51","12.51","12.51","12.51","","0.08%"
"04/19/2017","12.50","12.50","12.50","12.50","","-0.71%"
"04/18/2017","12.59","12.59","12.59","12.59","","-1.02%"
"04/17/2017","12.72","12.72","12.72","12.72","","-10.11%"
"04/13/2017","14.15","14.15","14.15","14.15","","9.44%"
"04/12/2017","12.93","12.93","12.93","12.93","","1.49%"
"04/11/2017","12.74","12.74","12.74","12.74","","5.12%"
"04/10/2017","12.12","12.12","12.12","12.12","","2.54%"
"04/07/2017","11.82","11.82","11.82","11.82","","1.37%"
"04/06/2017","11.66","11.66","11.66","11.66","","6.39%"
"04/05/2017","10.96","10.96","10.96","10.96","","7.24%"
"04/04/2017","10.22","10.22","10.22","10.22","","-4.58%"
"04/03/2017","10.71","10.71","10.71","10.71","","-0.93%"
"03/31/2017","10.81","10.81","10.81","10.81","","3.84%"
"03/30/2017","10.41","10.41","10.41","10.41","","10.74%"
"03/29/2017","9.40","9.40","9.40","9.40","","-6.00%"
"03/28/2017","10.00","10.00","10.00","10.00","","-7.15%"
"03/27/2017","10.77","10.77","10.77","10.77","","-4.94%"
"03/24/2017","11.33","11.33","11.33","11.33","","-5.43%"
"03/23/2017","11.98","11.98","11.98","11.98","","13.45%"
"03/22/2017","10.56","10.56","10.56","10.56","","1.25%"
"03/21/2017","10.43","10.43","10.43","10.43","","20.02%"
"03/20/2017","8.69","8.69","8.69","8.69","","-7.16%"
"03/17/2017","9.36","9.36","9.36","9.36","","-4.97%"
"03/16/2017","9.85","9.85","9.85","9.85","","7.65%"
"03/15/2017","9.15","9.15","9.15","9.15","","-5.96%"
"03/14/2017","9.73","9.73","9.73","9.73","","1.78%"
"03/13/2017","9.56","9.56","9.56","9.56","","-3.24%"
"03/10/2017","9.88","9.88","9.88","9.88","","-5.90%"
"03/09/2017","10.50","10.50","10.50","10.50","","11.70%"
"03/08/2017","9.40","9.40","9.40","9.40","","-2.08%"
"03/07/2017","9.60","9.60","9.60","9.60","","-1.54%"
"03/06/2017","9.75","9.75","9.75","9.75","","-1.91%"
"03/03/2017","9.94","9.94","9.94","9.94","","-9.22%"
"03/02/2017","10.95","10.95","10.95","10.95","","5.90%"
"03/01/2017","10.34","10.34","10.34","10.34","","-6.17%"
"02/28/2017","11.02","11.02","11.02","11.02","","3.67%"
"02/27/2017","10.63","10.63","10.63","10.63","","-2.39%"
"02/24/2017","10.89","10.89","10.89","10.89","","-5.14%"
"02/23/2017","11.48","11.48","11.48","11.48","","14.57%"
"02/22/2017","10.02","10.02","10.02","10.02","","-0.79%"
"02/21/2017","10.10","10.10","10.10","10.10","","-0.98%"
"02/17/2017","10.20","10.20","10.20","10.20","","-6.51%"
"02/16/2017","10.91","10.91","10.91","10.91","","1.21%"
"02/15/2017","10.78","10.78","10.78","10.78","","14.32%"
"02/14/2017","9.43","9.43","9.43","9.43","","-7.00%"
"02/13/2017","10.14","10.14","10.14","10.14","","-2.22%"
"02/10/2017","10.37","10.37","10.37","10.37","","-2.81%"
"02/09/2017","10.67","10.67","10.67","10.67","","8.66%"
"02/08/2017","9.82","9.82","9.82","9.82","","-3.06%"
"02/07/2017","10.13","10.13","10.13","10.13","","-1.27%"
"02/06/2017","10.26","10.26","10.26","10.26","","-2.38%"
"02/03/2017","10.51","10.51","10.51","10.51","","-10.40%"
"02/02/2017","11.73","11.73","11.73","11.73","","11.71%"
"02/01/2017","10.50","10.50","10.50","10.50","","-6.17%"
"01/31/2017","11.19","11.19","11.19","11.19","","0.54%"
"01/30/2017","11.13","11.13","11.13","11.13","","5.70%"
"01/27/2017","10.53","10.53","10.53","10.53","","-5.73%"
"01/26/2017","11.17","11.17","11.17","11.17","","9.19%"
"01/25/2017","10.23","10.23","10.23","10.23","","-2.11%"
"01/24/2017","10.45","10.45","10.45","10.45","","-7.44%"
"01/23/2017","11.29","11.29","11.29","11.29","","-2.59%"
"01/20/2017","11.59","11.59","11.59","11.59","","-8.60%"
"01/19/2017","12.68","12.68","12.68","12.68","","11.92%"
"01/18/2017","11.33","11.33","11.33","11.33","","-5.66%"
"01/17/2017","12.01","12.01","12.01","12.01","","-1.15%"
"01/13/2017","12.15","12.15","12.15","12.15","","-4.93%"
"01/12/2017","12.78","12.78","12.78","12.78","","7.04%"
"01/11/2017","11.94","11.94","11.94","11.94","","-3.01%"
"01/10/2017","12.31","12.31","12.31","12.31","","-1.76%"
"01/09/2017","12.53","12.53","12.53","12.53","","-1.65%"
"01/06/2017","12.74","12.74","12.74","12.74","","-6.60%"
"01/05/2017","13.64","13.64","13.64","13.64","","4.60%"
"01/04/2017","13.04","13.04","13.04","13.04","","-7.97%"
"01/03/2017","14.17","14.17","14.17","14.17","","-8.46%"
"12/30/2016","15.48","15.48","15.48","15.48","","5.81%"
"12/29/2016","14.63","14.63","14.63","14.63","","10.25%"
"12/28/2016","13.27","13.27","13.27","13.27","","6.67%"
"12/27/2016","12.44","12.44","12.44","12.44","","-0.40%"
"12/23/2016","12.49","12.49","12.49","12.49","","-3.25%"
"12/22/2016","12.91","12.91","12.91","12.91","","11.39%"
"12/21/2016","11.59","11.59","11.59","11.59","","-0.86%"
"12/20/2016","11.69","11.69","11.69","11.69","","-3.07%"
"12/19/2016","12.06","12.06","12.06","12.06","","-6.29%"
"12/16/2016","12.87","12.87","12.87","12.87","","-7.61%"
"12/15/2016","13.93","13.93","13.93","13.93","","5.45%"
"12/14/2016","13.21","13.21","13.21","13.21","","-0.60%"
"12/13/2016","13.29","13.29","13.29","13.29","","0.76%"
"12/12/2016","13.19","13.19","13.19","13.19","","3.78%"
"12/09/2016","12.71","12.71","12.71","12.71","","-5.01%"
"12/08/2016","13.38","13.38","13.38","13.38","","6.53%"
"12/07/2016","12.56","12.56","12.56","12.56","","-1.49%"
"12/06/2016","12.75","12.75","12.75","12.75","","-6.18%"
"12/05/2016","13.59","13.59","13.59","13.59","","-10.18%"
"12/02/2016","15.13","15.13","15.13","15.13","","-2.20%"
"12/01/2016","15.47","15.47","15.47","15.47","","21.81%"
"11/30/2016","12.70","12.70","12.70","12.70","","2.09%"
"11/29/2016","12.44","12.44","12.44","12.44","","-2.51%"
"11/28/2016","12.76","12.76","12.76","12.76","","-0.16%"
"11/25/2016","12.78","12.78","12.78","12.78","","7.12%"
"11/23/2016","11.93","11.93","11.93","11.93","","-1.08%"
"11/22/2016","12.06","12.06","12.06","12.06","","-5.26%"
"11/21/2016","12.73","12.73","12.73","12.73","","-9.84%"
"11/18/2016","14.12","14.12","14.12","14.12","","-3.35%"
"11/17/2016","14.61","14.61","14.61","14.61","","0.90%"
"11/16/2016","14.48","14.48","14.48","14.48","","-2.56%"
"11/15/2016","14.86","14.86","14.86","14.86","","-10.37%"
"11/14/2016","16.58","16.58","16.58","16.58","","0.42%"
"11/11/2016","16.51","16.51","16.51","16.51","","-0.36%"
"11/10/2016","16.57","16.57","16.57","16.57","","19.47%"
"11/09/2016","13.87","13.87","13.87","13.87","","-15.43%"
"11/08/2016","16.40","16.40","16.40","16.40","","0.18%"
"11/07/2016","16.37","16.37","16.37","16.37","","-19.32%"
"11/04/2016","20.29","20.29","20.29","20.29","","1.50%"
"11/03/2016","19.99","19.99","19.99","19.99","","11.99%"
"11/02/2016","17.85","17.85","17.85","17.85","","2.65%"
"11/01/2016","17.39","17.39","17.39","17.39","","6.30%"
"10/31/2016","16.36","16.36","16.36","16.36","","1.05%"
"10/28/2016","16.19","16.19","16.19","16.19","","1.89%"
"10/27/2016","15.89","15.89","15.89","15.89","","17.01%"
"10/26/2016","13.58","13.58","13.58","13.58","","3.03%"
"10/25/2016","13.18","13.18","13.18","13.18","","4.19%"
"10/24/2016","12.65","12.65","12.65","12.65","","-8.33%"
"10/21/2016","13.80","13.80","13.80","13.80","","-3.63%"
"10/20/2016","14.32","14.32","14.32","14.32","","3.69%"
"10/19/2016","13.81","13.81","13.81","13.81","","-5.54%"
"10/18/2016","14.62","14.62","14.62","14.62","","-4.19%"
"10/17/2016","15.26","15.26","15.26","15.26","","-1.99%"
"10/14/2016","15.57","15.57","15.57","15.57","","-4.42%"
"10/13/2016","16.29","16.29","16.29","16.29","","11.65%"
"10/12/2016","14.59","14.59","14.59","14.59","","0.97%"
"10/11/2016","14.45","14.45","14.45","14.45","","3.29%"
"10/10/2016","13.99","13.99","13.99","13.99","","-0.71%"
"10/07/2016","14.09","14.09","14.09","14.09","","0.36%"
"10/06/2016","14.04","14.04","14.04","14.04","","9.18%"
"10/05/2016","12.86","12.86","12.86","12.86","","-5.72%"
"10/04/2016","13.64","13.64","13.64","13.64","","2.71%"
"10/03/2016","13.28","13.28","13.28","13.28","","-2.50%"
"09/30/2016","13.62","13.62","13.62","13.62","","-7.16%"
"09/29/2016","14.67","14.67","14.67","14.67","","19.46%"
"09/28/2016","12.28","12.28","12.28","12.28","","-3.31%"
"09/27/2016","12.70","12.70","12.70","12.70","","-10.12%"
"09/26/2016","14.13","14.13","14.13","14.13","","11.26%"
"09/23/2016","12.70","12.70","12.70","12.70","","0.95%"
"09/22/2016","12.58","12.58","12.58","12.58","","-1.56%"
"09/21/2016","12.78","12.78","12.78","12.78","","-13.12%"
"09/20/2016","14.71","14.71","14.71","14.71","","2.87%"
"09/19/2016","14.30","14.30","14.30","14.30","","0.42%"
"09/16/2016","14.24","14.24","14.24","14.24","","-6.56%"
"09/15/2016","15.24","15.24","15.24","15.24","","-4.87%"
"09/14/2016","16.02","16.02","16.02","16.02","","0.38%"
"09/13/2016","15.96","15.96","15.96","15.96","","13.84%"
"09/12/2016","14.02","14.02","14.02","14.02","","-14.62%"
"09/09/2016","16.42","16.42","16.42","16.42","","27.39%"
"09/08/2016","12.89","12.89","12.89","12.89","","14.68%"
"09/07/2016","11.24","11.24","11.24","11.24","","-4.50%"
"09/06/2016","11.77","11.77","11.77","11.77","","-6.14%"
"09/02/2016","12.54","12.54","12.54","12.54","","-9.13%"
"09/01/2016","13.80","13.80","13.80","13.80","","9.87%"
"08/31/2016","12.56","12.56","12.56","12.56","","2.11%"
"08/30/2016","12.30","12.30","12.30","12.30","","-0.16%"
"08/29/2016","12.32","12.32","12.32","12.32","","-7.44%"
"08/26/2016","13.31","13.31","13.31","13.31","","-3.41%"
"08/25/2016","13.78","13.78","13.78","13.78","","11.67%"
"08/24/2016","12.34","12.34","12.34","12.34","","7.59%"
"08/23/2016","11.47","11.47","11.47","11.47","","-0.69%"
"08/22/2016","11.55","11.55","11.55","11.55","","-1.62%"
"08/19/2016","11.74","11.74","11.74","11.74","","-7.05%"
"08/18/2016","12.63","12.63","12.63","12.63","","5.07%"
"08/17/2016","12.02","12.02","12.02","12.02","","-2.44%"
"08/16/2016","12.32","12.32","12.32","12.32","","6.02%"
"08/15/2016","11.62","11.62","11.62","11.62","","-1.86%"
"08/12/2016","11.84","11.84","11.84","11.84","","-3.74%"
"08/11/2016","12.30","12.30","12.30","12.30","","7.80%"
"08/10/2016","11.41","11.41","11.41","11.41","","1.88%"
"08/09/2016","11.20","11.20","11.20","11.20","","-1.06%"
"08/08/2016","11.32","11.32","11.32","11.32","","-3.50%"
"08/05/2016","11.73","11.73","11.73","11.73","","-6.31%"
"08/04/2016","12.52","12.52","12.52","12.52","","3.64%"
"08/03/2016","12.08","12.08","12.08","12.08","","-3.97%"
"08/02/2016","12.58","12.58","12.58","12.58","","6.52%"
"08/01/2016","11.81","11.81","11.81","11.81","","-0.67%"
"07/29/2016","11.89","11.89","11.89","11.89","","-8.61%"
"07/28/2016","13.01","13.01","13.01","13.01","","5.77%"
"07/27/2016","12.30","12.30","12.30","12.30","","-6.32%"
"07/26/2016","13.13","13.13","13.13","13.13","","0.15%"
"07/25/2016","13.11","13.11","13.11","13.11","","2.50%"
"07/22/2016","12.79","12.79","12.79","12.79","","-4.62%"
"07/21/2016","13.41","13.41","13.41","13.41","","11.66%"
"07/20/2016","12.01","12.01","12.01","12.01","","-3.46%"
"07/19/2016","12.44","12.44","12.44","12.44","","-2.43%"
"07/18/2016","12.75","12.75","12.75","12.75","","-1.09%"
"07/15/2016","12.89","12.89","12.89","12.89","","-4.31%"
"07/14/2016","13.47","13.47","13.47","13.47","","4.02%"
"07/13/2016","12.95","12.95","12.95","12.95","","0.54%"
"07/12/2016","12.88","12.88","12.88","12.88","","-3.09%"
"07/11/2016","13.29","13.29","13.29","13.29","","-1.48%"
"07/08/2016","13.49","13.49","13.49","13.49","","-12.35%"
"07/07/2016","15.39","15.39","15.39","15.39","","7.02%"
"07/06/2016","14.38","14.38","14.38","14.38","","-4.39%"
"07/05/2016","15.04","15.04","15.04","15.04","","2.10%"
"07/01/2016","14.73","14.73","14.73","14.73","","-7.01%"
"06/30/2016","15.84","15.84","15.84","15.84","","2.00%"
"06/29/2016","15.53","15.53","15.53","15.53","","-11.61%"
"06/28/2016","17.57","17.57","17.57","17.57","","-19.33%"
"06/27/2016","21.78","21.78","21.78","21.78","","-2.24%"
"06/24/2016","22.28","22.28","22.28","22.28","","37.79%"
"06/23/2016","16.17","16.17","16.17","16.17","","-11.59%"
"06/22/2016","18.29","18.29","18.29","18.29","","8.10%"
"06/21/2016","16.92","16.92","16.92","16.92","","1.32%"
"06/20/2016","16.70","16.70","16.70","16.70","","-8.49%"
"06/17/2016","18.25","18.25","18.25","18.25","","2.07%"
"06/16/2016","17.88","17.88","17.88","17.88","","4.01%"
"06/15/2016","17.19","17.19","17.19","17.19","","-2.00%"
"06/14/2016","17.54","17.54","17.54","17.54","","-0.96%"
"06/13/2016","17.71","17.71","17.71","17.71","","11.95%"
"06/10/2016","15.82","15.82","15.82","15.82","","11.41%"
"06/09/2016","14.20","14.20","14.20","14.20","","11.20%"
"06/08/2016","12.77","12.77","12.77","12.77","","-2.00%"
"06/07/2016","13.03","13.03","13.03","13.03","","-0.69%"
"06/06/2016","13.12","13.12","13.12","13.12","","-2.89%"
"06/03/2016","13.51","13.51","13.51","13.51","","-2.38%"
"06/02/2016","13.84","13.84","13.84","13.84","","5.57%"
"06/01/2016","13.11","13.11","13.11","13.11","","0.23%"
"05/31/2016","13.08","13.08","13.08","13.08","","-0.76%"
"05/27/2016","13.18","13.18","13.18","13.18","","-2.87%"
"05/26/2016","13.57","13.57","13.57","13.57","","6.26%"
"05/25/2016","12.77","12.77","12.77","12.77","","-5.06%"
"05/24/2016","13.45","13.45","13.45","13.45","","-11.98%"
"05/23/2016","15.28","15.28","15.28","15.28","","-1.67%"
"05/20/2016","15.54","15.54","15.54","15.54","","-8.91%"
"05/19/2016","17.06","17.06","17.06","17.06","","12.38%"
"05/18/2016","15.18","15.18","15.18","15.18","","-2.63%"
"05/17/2016","15.59","15.59","15.59","15.59","","5.98%"
"05/16/2016","14.71","14.71","14.71","14.71","","-7.66%"
"05/13/2016","15.93","15.93","15.93","15.93","","-0.99%"
"05/12/2016","16.09","16.09","16.09","16.09","","11.66%"
"05/11/2016","14.41","14.41","14.41","14.41","","4.72%"
"05/10/2016","13.76","13.76","13.76","13.76","","-10.07%"
"05/09/2016","15.30","15.30","15.30","15.30","","-4.73%"
"05/06/2016","16.06","16.06","16.06","16.06","","-9.47%"
"05/05/2016","17.74","17.74","17.74","17.74","","6.93%"
"05/04/2016","16.59","16.59","16.59","16.59","","0.97%"
"05/03/2016","16.43","16.43","16.43","16.43","","4.19%"
"05/02/2016","15.77","15.77","15.77","15.77","","-9.73%"
"04/29/2016","17.47","17.47","17.47","17.47","","6.92%"
"04/28/2016","16.34","16.34","16.34","16.34","","14.11%"
"04/27/2016","14.32","14.32","14.32","14.32","","-2.92%"
"04/26/2016","14.75","14.75","14.75","14.75","","-0.81%"
"04/25/2016","14.87","14.87","14.87","14.87","","-1.06%"
"04/22/2016","15.03","15.03","15.03","15.03","","-4.27%"
"04/21/2016","15.70","15.70","15.70","15.70","","13.36%"
"04/20/2016","13.85","13.85","13.85","13.85","","-1.98%"
"04/19/2016","14.13","14.13","14.13","14.13","","1.44%"
"04/18/2016","13.93","13.93","13.93","13.93","","-6.07%"
"04/15/2016","14.83","14.83","14.83","14.83","","-3.89%"
"04/14/2016","15.43","15.43","15.43","15.43","","7.45%"
"04/13/2016","14.36","14.36","14.36","14.36","","-8.83%"
"04/12/2016","15.75","15.75","15.75","15.75","","-7.35%"
"04/11/2016","17.00","17.00","17.00","17.00","","1.25%"
"04/08/2016","16.79","16.79","16.79","16.79","","-2.33%"
"04/07/2016","17.19","17.19","17.19","17.19","","22.96%"
"04/06/2016","13.98","13.98","13.98","13.98","","-9.34%"
"04/05/2016","15.42","15.42","15.42","15.42","","5.98%"
"04/04/2016","14.55","14.55","14.55","14.55","","3.19%"
"04/01/2016","14.10","14.10","14.10","14.10","","-8.32%"
"03/31/2016","15.38","15.38","15.38","15.38","","11.45%"
"03/30/2016","13.80","13.80","13.80","13.80","","-3.90%"
"03/29/2016","14.36","14.36","14.36","14.36","","-10.25%"
"03/28/2016","16.00","16.00","16.00","16.00","","0.19%"
"03/24/2016","15.97","15.97","15.97","15.97","","6.54%"
"03/23/2016","14.99","14.99","14.99","14.99","","3.74%"
"03/22/2016","14.45","14.45","14.45","14.45","","-3.54%"
"03/21/2016","14.98","14.98","14.98","14.98","","-6.55%"
"03/18/2016","16.03","16.03","16.03","16.03","","-4.36%"
"03/17/2016","16.76","16.76","16.76","16.76","","9.54%"
"03/16/2016","15.30","15.30","15.30","15.30","","-9.20%"
"03/15/2016","16.85","16.85","16.85","16.85","","-2.66%"
"03/14/2016","17.31","17.31","17.31","17.31","","-4.79%"
"03/11/2016","18.18","18.18","18.18","18.18","","-9.10%"
"03/10/2016","20.00","20.00","20.00","20.00","","5.43%"
"03/09/2016","18.97","18.97","18.97","18.97","","-4.39%"
"03/08/2016","19.84","19.84","19.84","19.84","","3.60%"
"03/07/2016","19.15","19.15","19.15","19.15","","1.22%"
"03/04/2016","18.92","18.92","18.92","18.92","","-1.05%"
"03/03/2016","19.12","19.12","19.12","19.12","","9.44%"
"03/02/2016","17.47","17.47","17.47","17.47","","-2.02%"
"03/01/2016","17.83","17.83","17.83","17.83","","-15.01%"
"02/29/2016","20.98","20.98","20.98","20.98","","-0.94%"
"02/26/2016","21.18","21.18","21.18","21.18","","-0.84%"
"02/25/2016","21.36","21.36","21.36","21.36","","1.42%"
"02/24/2016","21.06","21.06","21.06","21.06","","-6.02%"
"02/23/2016","22.41","22.41","22.41","22.41","","4.38%"
"02/22/2016","21.47","21.47","21.47","21.47","","-7.34%"
"02/19/2016","23.17","23.17","23.17","23.17","","-6.53%"
"02/18/2016","24.79","24.79","24.79","24.79","","5.58%"
"02/17/2016","23.48","23.48","23.48","23.48","","-7.23%"
"02/16/2016","25.31","25.31","25.31","25.31","","-9.09%"
"02/12/2016","27.84","27.84","27.84","27.84","","-9.37%"
"02/11/2016","30.72","30.72","30.72","30.72","","8.47%"
"02/10/2016","28.32","28.32","28.32","28.32","","-3.51%"
"02/09/2016","29.35","29.35","29.35","29.35","","0.69%"
"02/08/2016","29.15","29.15","29.15","29.15","","9.42%"
"02/05/2016","26.64","26.64","26.64","26.64","","10.31%"
"02/04/2016","24.15","24.15","24.15","24.15","","8.59%"
"02/03/2016","22.24","22.24","22.24","22.24","","-1.55%"
"02/02/2016","22.59","22.59","22.59","22.59","","8.66%"
"02/01/2016","20.79","20.79","20.79","20.79","","-5.67%"
"01/29/2016","22.04","22.04","22.04","22.04","","-12.57%"
"01/28/2016","25.21","25.21","25.21","25.21","","4.17%"
"01/27/2016","24.20","24.20","24.20","24.20","","2.93%"
"01/26/2016","23.51","23.51","23.51","23.51","","-4.66%"
"01/25/2016","24.66","24.66","24.66","24.66","","4.36%"
"01/22/2016","23.63","23.63","23.63","23.63","","-14.63%"
"01/21/2016","27.68","27.68","27.68","27.68","","3.83%"
"01/20/2016","26.66","26.66","26.66","26.66","","3.41%"
"01/19/2016","25.78","25.78","25.78","25.78","","-3.37%"
"01/15/2016","26.68","26.68","26.68","26.68","","8.76%"
"01/14/2016","24.53","24.53","24.53","24.53","","1.83%"
"01/13/2016","24.09","24.09","24.09","24.09","","10.71%"
"01/12/2016","21.76","21.76","21.76","21.76","","-8.03%"
"01/11/2016","23.66","23.66","23.66","23.66","","-9.97%"
"01/08/2016","26.28","26.28","26.28","26.28","","2.50%"
"01/07/2016","25.64","25.64","25.64","25.64","","28.78%"
"01/06/2016","19.91","19.91","19.91","19.91","","4.51%"
"01/05/2016","19.05","19.05","19.05","19.05","","-3.05%"
"01/04/2016","19.65","19.65","19.65","19.65","","8.99%"
"12/31/2015","18.03","18.03","18.03","18.03","","14.84%"
"12/30/2015","15.70","15.70","15.70","15.70","","5.44%"
"12/29/2015","14.89","14.89","14.89","14.89","","-8.71%"
"12/28/2015","16.31","16.31","16.31","16.31","","-1.39%"
"12/24/2015","16.54","16.54","16.54","16.54","","9.61%"
"12/23/2015","15.09","15.09","15.09","15.09","","-5.51%"
"12/22/2015","15.97","15.97","15.97","15.97","","-10.43%"
"12/21/2015","17.83","17.83","17.83","17.83","","-9.72%"
"12/18/2015","19.75","19.75","19.75","19.75","","3.67%"
"12/17/2015","19.05","19.05","19.05","19.05","","17.59%"
"12/16/2015","16.20","16.20","16.20","16.20","","-12.86%"
"12/15/2015","18.59","18.59","18.59","18.59","","-7.60%"
"12/14/2015","20.12","20.12","20.12","20.12","","-7.71%"
"12/11/2015","21.80","21.80","21.80","21.80","","19.65%"
"12/10/2015","18.22","18.22","18.22","18.22","","5.07%"
"12/09/2015","17.34","17.34","17.34","17.34","","9.26%"
"12/08/2015","15.87","15.87","15.87","15.87","","6.58%"
"12/07/2015","14.89","14.89","14.89","14.89","","1.64%"
"12/04/2015","14.65","14.65","14.65","14.65","","-16.76%"
"12/03/2015","17.60","17.60","17.60","17.60","","22.39%"
"12/02/2015","14.38","14.38","14.38","14.38","","3.60%"
"12/01/2015","13.88","13.88","13.88","13.88","","-7.96%"
"11/30/2015","15.08","15.08","15.08","15.08","","1.62%"
"11/27/2015","14.84","14.84","14.84","14.84","","8.64%"
"11/25/2015","13.66","13.66","13.66","13.66","","-5.34%"
"11/24/2015","14.43","14.43","14.43","14.43","","-0.55%"
"11/23/2015","14.51","14.51","14.51","14.51","","-2.94%"
"11/20/2015","14.95","14.95","14.95","14.95","","-7.26%"
"11/19/2015","16.12","16.12","16.12","16.12","","8.77%"
"11/18/2015","14.82","14.82","14.82","14.82","","-10.78%"
"11/17/2015","16.61","16.61","16.61","16.61","","0.24%"
"11/16/2015","16.57","16.57","16.57","16.57","","-13.16%"
"11/13/2015","19.08","19.08","19.08","19.08","","11.12%"
"11/12/2015","17.17","17.17","17.17","17.17","","17.52%"
"11/11/2015","14.61","14.61","14.61","14.61","","0.97%"
"11/10/2015","14.47","14.47","14.47","14.47","","-4.87%"
"11/09/2015","15.21","15.21","15.21","15.21","","6.59%"
"11/06/2015","14.27","14.27","14.27","14.27","","-5.68%"
"11/05/2015","15.13","15.13","15.13","15.13","","9.48%"
"11/04/2015","13.82","13.82","13.82","13.82","","1.92%"
"11/03/2015","13.56","13.56","13.56","13.56","","-0.51%"
"11/02/2015","13.63","13.63","13.63","13.63","","-10.33%"
"10/30/2015","15.20","15.20","15.20","15.20","","-1.17%"
"10/29/2015","15.38","15.38","15.38","15.38","","9.62%"
"10/28/2015","14.03","14.03","14.03","14.03","","-8.60%"
"10/27/2015","15.35","15.35","15.35","15.35","","-0.07%"
"10/26/2015","15.36","15.36","15.36","15.36","","2.06%"
"10/23/2015","15.05","15.05","15.05","15.05","","3.51%"
"10/22/2015","14.54","14.54","14.54","14.54","","-11.56%"
"10/21/2015","16.44","16.44","16.44","16.44","","5.45%"
"10/20/2015","15.59","15.59","15.59","15.59","","5.27%"
"10/19/2015","14.81","14.81","14.81","14.81","","-6.86%"
"10/16/2015","15.90","15.90","15.90","15.90","","-7.18%"
"10/15/2015","17.13","17.13","17.13","17.13","","-5.62%"
"10/14/2015","18.15","18.15","18.15","18.15","","1.57%"
"10/13/2015","17.87","17.87","17.87","17.87","","4.14%"
"10/12/2015","17.16","17.16","17.16","17.16","","-8.04%"
"10/09/2015","18.66","18.66","18.66","18.66","","-2.91%"
"10/08/2015","19.22","19.22","19.22","19.22","","2.95%"
"10/07/2015","18.67","18.67","18.67","18.67","","-6.23%"
"10/06/2015","19.91","19.91","19.91","19.91","","-0.90%"
"10/05/2015","20.09","20.09","20.09","20.09","","-9.38%"
"10/02/2015","22.17","22.17","22.17","22.17","","-8.12%"
"10/01/2015","24.13","24.13","24.13","24.13","","1.43%"
"09/30/2015","23.79","23.79","23.79","23.79","","-8.99%"
"09/29/2015","26.14","26.14","26.14","26.14","","-0.68%"
"09/28/2015","26.32","26.32","26.32","26.32","","12.96%"
"09/25/2015","23.30","23.30","23.30","23.30","","0.78%"
"09/24/2015","23.12","23.12","23.12","23.12","","13.00%"
"09/23/2015","20.46","20.46","20.46","20.46","","-4.39%"
"09/22/2015","21.40","21.40","21.40","21.40","","10.82%"
"09/21/2015","19.31","19.31","19.31","19.31","","-8.70%"
"09/18/2015","21.15","21.15","21.15","21.15","","3.78%"
"09/17/2015","20.38","20.38","20.38","20.38","","6.31%"
"09/16/2015","19.17","19.17","19.17","19.17","","-8.54%"
"09/15/2015","20.96","20.96","20.96","20.96","","-8.11%"
"09/14/2015","22.81","22.81","22.81","22.81","","-0.31%"
"09/11/2015","22.88","22.88","22.88","22.88","","-6.76%"
"09/10/2015","24.54","24.54","24.54","24.54","","2.16%"
"09/09/2015","24.02","24.02","24.02","24.02","","3.45%"
"09/08/2015","23.22","23.22","23.22","23.22","","-14.57%"
"09/04/2015","27.18","27.18","27.18","27.18","","2.37%"
"09/03/2015","26.55","26.55","26.55","26.55","","7.40%"
"09/02/2015","24.72","24.72","24.72","24.72","","-17.35%"
"09/01/2015","29.91","29.91","29.91","29.91","","12.57%"
"08/31/2015","26.57","26.57","26.57","26.57","","1.72%"
"08/28/2015","26.12","26.12","26.12","26.12","","0.00%"
"08/27/2015","26.12","26.12","26.12","26.12","","-4.25%"
"08/26/2015","27.28","27.28","27.28","27.28","","-19.10%"
"08/25/2015","33.72","33.72","33.72","33.72","","-12.21%"
"08/24/2015","38.41","38.41","38.41","38.41","","42.58%"
"08/21/2015","26.94","26.94","26.94","26.94","","32.64%"
"08/20/2015","20.31","20.31","20.31","20.31","","36.31%"
"08/19/2015","14.90","14.90","14.90","14.90","","6.96%"
"08/18/2015","13.93","13.93","13.93","13.93","","1.68%"
"08/17/2015","13.70","13.70","13.70","13.70","","-7.81%"
"08/14/2015","14.86","14.86","14.86","14.86","","-5.11%"
"08/13/2015","15.66","15.66","15.66","15.66","","7.85%"
"08/12/2015","14.52","14.52","14.52","14.52","","-3.33%"
"08/11/2015","15.02","15.02","15.02","15.02","","9.72%"
"08/10/2015","13.69","13.69","13.69","13.69","","-9.87%"
"08/07/2015","15.19","15.19","15.19","15.19","","-1.24%"
"08/06/2015","15.38","15.38","15.38","15.38","","23.24%"
"08/05/2015","12.48","12.48","12.48","12.48","","-5.67%"
"08/04/2015","13.23","13.23","13.23","13.23","","2.56%"
"08/03/2015","12.90","12.90","12.90","12.90","","0.08%"
"07/31/2015","12.89","12.89","12.89","12.89","","-0.31%"
"07/30/2015","12.93","12.93","12.93","12.93","","1.97%"
"07/29/2015","12.68","12.68","12.68","12.68","","-4.73%"
"07/28/2015","13.31","13.31","13.31","13.31","","-13.29%"
"07/27/2015","15.35","15.35","15.35","15.35","","7.79%"
"07/24/2015","14.24","14.24","14.24","14.24","","9.45%"
"07/23/2015","13.01","13.01","13.01","13.01","","8.51%"
"07/22/2015","11.99","11.99","11.99","11.99","","-4.99%"
"07/21/2015","12.62","12.62","12.62","12.62","","2.94%"
"07/20/2015","12.26","12.26","12.26","12.26","","3.37%"
"07/17/2015","11.86","11.86","11.86","11.86","","0.00%"
"07/16/2015","11.86","11.86","11.86","11.86","","-4.05%"
"07/15/2015","12.36","12.36","12.36","12.36","","-2.45%"
"07/14/2015","12.67","12.67","12.67","12.67","","-7.11%"
"07/13/2015","13.64","13.64","13.64","13.64","","-16.78%"
"07/10/2015","16.39","16.39","16.39","16.39","","-14.77%"
"07/09/2015","19.23","19.23","19.23","19.23","","7.91%"
"07/08/2015","17.82","17.82","17.82","17.82","","16.17%"
"07/07/2015","15.34","15.34","15.34","15.34","","-3.22%"
"07/06/2015","15.85","15.85","15.85","15.85","","-2.46%"
"07/02/2015","16.25","16.25","16.25","16.25","","7.97%"
"07/01/2015","15.05","15.05","15.05","15.05","","-9.93%"
"06/30/2015","16.71","16.71","16.71","16.71","","-4.41%"
"06/29/2015","17.48","17.48","17.48","17.48","","26.94%"
"06/26/2015","13.77","13.77","13.77","13.77","","1.70%"
"06/25/2015","13.54","13.54","13.54","13.54","","12.09%"
"06/24/2015","12.08","12.08","12.08","12.08","","5.32%"
"06/23/2015","11.47","11.47","11.47","11.47","","-4.42%"
"06/22/2015","12.00","12.00","12.00","12.00","","-10.31%"
"06/19/2015","13.38","13.38","13.38","13.38","","3.72%"
"06/18/2015","12.90","12.90","12.90","12.90","","-4.37%"
"06/17/2015","13.49","13.49","13.49","13.49","","-3.71%"
"06/16/2015","14.01","14.01","14.01","14.01","","-4.04%"
"06/15/2015","14.60","14.60","14.60","14.60","","4.81%"
"06/12/2015","13.93","13.93","13.93","13.93","","3.19%"
"06/11/2015","13.50","13.50","13.50","13.50","","5.06%"
"06/10/2015","12.85","12.85","12.85","12.85","","-10.76%"
"06/09/2015","14.40","14.40","14.40","14.40","","-4.13%"
"06/08/2015","15.02","15.02","15.02","15.02","","5.11%"
"06/05/2015","14.29","14.29","14.29","14.29","","-0.76%"
"06/04/2015","14.40","14.40","14.40","14.40","","14.10%"
"06/03/2015","12.62","12.62","12.62","12.62","","-5.40%"
"06/02/2015","13.34","13.34","13.34","13.34","","3.09%"
"06/01/2015","12.94","12.94","12.94","12.94","","-1.60%"
"05/29/2015","13.15","13.15","13.15","13.15","","2.65%"
"05/28/2015","12.81","12.81","12.81","12.81","","9.11%"
"05/27/2015","11.74","11.74","11.74","11.74","","-9.90%"
"05/26/2015","13.03","13.03","13.03","13.03","","8.49%"
"05/22/2015","12.01","12.01","12.01","12.01","","-2.67%"
"05/21/2015","12.34","12.34","12.34","12.34","","3.35%"
"05/20/2015","11.94","11.94","11.94","11.94","","-2.53%"
"05/19/2015","12.25","12.25","12.25","12.25","","-0.33%"
"05/18/2015","12.29","12.29","12.29","12.29","","-4.21%"
"05/15/2015","12.83","12.83","12.83","12.83","","-3.75%"
"05/14/2015","13.33","13.33","13.33","13.33","","-0.89%"
"05/13/2015","13.45","13.45","13.45","13.45","","-3.10%"
"05/12/2015","13.88","13.88","13.88","13.88","","0.87%"
"05/11/2015","13.76","13.76","13.76","13.76","","1.03%"
"05/08/2015","13.62","13.62","13.62","13.62","","-13.69%"
"05/07/2015","15.78","15.78","15.78","15.78","","4.64%"
"05/06/2015","15.08","15.08","15.08","15.08","","5.82%"
"05/05/2015","14.25","14.25","14.25","14.25","","10.98%"
"05/04/2015","12.84","12.84","12.84","12.84","","-3.46%"
"05/01/2015","13.30","13.30","13.30","13.30","","-11.45%"
"04/30/2015","15.02","15.02","15.02","15.02","","12.59%"
"04/29/2015","13.34","13.34","13.34","13.34","","7.23%"
"04/28/2015","12.44","12.44","12.44","12.44","","-3.42%"
"04/27/2015","12.88","12.88","12.88","12.88","","2.38%"
"04/24/2015","12.58","12.58","12.58","12.58","","-1.41%"
"04/23/2015","12.76","12.76","12.76","12.76","","3.40%"
"04/22/2015","12.34","12.34","12.34","12.34","","-4.04%"
"04/21/2015","12.86","12.86","12.86","12.86","","-1.15%"
"04/20/2015","13.01","13.01","13.01","13.01","","-11.68%"
"04/17/2015","14.73","14.73","14.73","14.73","","8.95%"
"04/16/2015","13.52","13.52","13.52","13.52","","8.07%"
"04/15/2015","12.51","12.51","12.51","12.51","","-7.13%"
"04/14/2015","13.47","13.47","13.47","13.47","","-2.32%"
"04/13/2015","13.79","13.79","13.79","13.79","","7.99%"
"04/10/2015","12.77","12.77","12.77","12.77","","-6.65%"
"04/09/2015","13.68","13.68","13.68","13.68","","3.09%"
"04/08/2015","13.27","13.27","13.27","13.27","","-8.80%"
"04/07/2015","14.55","14.55","14.55","14.55","","-1.42%"
"04/06/2015","14.76","14.76","14.76","14.76","","-5.81%"
"04/02/2015","15.67","15.67","15.67","15.67","","3.77%"
"04/01/2015","15.10","15.10","15.10","15.10","","-0.79%"
"03/31/2015","15.22","15.22","15.22","15.22","","7.71%"
"03/30/2015","14.13","14.13","14.13","14.13","","-9.31%"
"03/27/2015","15.58","15.58","15.58","15.58","","-4.83%"
"03/26/2015","16.37","16.37","16.37","16.37","","8.48%"
"03/25/2015","15.09","15.09","15.09","15.09","","19.95%"
"03/24/2015","12.58","12.58","12.58","12.58","","-0.63%"
"03/23/2015","12.66","12.66","12.66","12.66","","-0.86%"
"03/20/2015","12.77","12.77","12.77","12.77","","-7.80%"
"03/19/2015","13.85","13.85","13.85","13.85","","6.37%"
"03/18/2015","13.02","13.02","13.02","13.02","","-11.91%"
"03/17/2015","14.78","14.78","14.78","14.78","","-3.46%"
"03/16/2015","15.31","15.31","15.31","15.31","","-6.13%"
"03/13/2015","16.31","16.31","16.31","16.31","","2.39%"
"03/12/2015","15.93","15.93","15.93","15.93","","0.38%"
"03/11/2015","15.87","15.87","15.87","15.87","","0.95%"
"03/10/2015","15.72","15.72","15.72","15.72","","11.33%"
"03/09/2015","14.12","14.12","14.12","14.12","","-5.17%"
"03/06/2015","14.89","14.89","14.89","14.89","","9.65%"
"03/05/2015","13.58","13.58","13.58","13.58","","7.01%"
"03/04/2015","12.69","12.69","12.69","12.69","","2.67%"
"03/03/2015","12.36","12.36","12.36","12.36","","4.13%"
"03/02/2015","11.87","11.87","11.87","11.87","","-6.90%"
"02/27/2015","12.75","12.75","12.75","12.75","","0.24%"
"02/26/2015","12.72","12.72","12.72","12.72","","7.98%"
"02/25/2015","11.78","11.78","11.78","11.78","","-0.59%"
"02/24/2015","11.85","11.85","11.85","11.85","","-5.88%"
"02/23/2015","12.59","12.59","12.59","12.59","","-3.89%"
"02/20/2015","13.10","13.10","13.10","13.10","","-5.62%"
"02/19/2015","13.88","13.88","13.88","13.88","","5.47%"
"02/18/2015","13.16","13.16","13.16","13.16","","-2.88%"
"02/17/2015","13.55","13.55","13.55","13.55","","1.04%"
"02/13/2015","13.41","13.41","13.41","13.41","","-6.49%"
"02/12/2015","14.34","14.34","14.34","14.34","","0.63%"
"02/11/2015","14.25","14.25","14.25","14.25","","-2.66%"
"02/10/2015","14.64","14.64","14.64","14.64","","-11.06%"
"02/09/2015","16.46","16.46","16.46","16.46","","-0.30%"
"02/06/2015","16.51","16.51","16.51","16.51","","1.23%"
"02/05/2015","16.31","16.31","16.31","16.31","","0.62%"
"02/04/2015","16.21","16.21","16.21","16.21","","0.87%"
"02/03/2015","16.07","16.07","16.07","16.07","","-11.02%"
"02/02/2015","18.06","18.06","18.06","18.06","","-7.43%"
"01/30/2015","19.51","19.51","19.51","19.51","","10.29%"
"01/29/2015","17.69","17.69","17.69","17.69","","-3.91%"
"01/28/2015","18.41","18.41","18.41","18.41","","10.24%"
"01/27/2015","16.70","16.70","16.70","16.70","","13.14%"
"01/26/2015","14.76","14.76","14.76","14.76","","-4.59%"
"01/23/2015","15.47","15.47","15.47","15.47","","-1.21%"
"01/22/2015","15.66","15.66","15.66","15.66","","-9.74%"
"01/21/2015","17.35","17.35","17.35","17.35","","-4.67%"
"01/20/2015","18.20","18.20","18.20","18.20","","-8.13%"
"01/16/2015","19.81","19.81","19.81","19.81","","-7.99%"
"01/15/2015","21.53","21.53","21.53","21.53","","13.98%"
"01/14/2015","18.89","18.89","18.89","18.89","","2.55%"
"01/13/2015","18.42","18.42","18.42","18.42","","3.02%"
"01/12/2015","17.88","17.88","17.88","17.88","","7.71%"
"01/09/2015","16.60","16.60","16.60","16.60","","-0.06%"
"01/08/2015","16.61","16.61","16.61","16.61","","-3.43%"
"01/07/2015","17.20","17.20","17.20","17.20","","-9.71%"
"01/06/2015","19.05","19.05","19.05","19.05","","5.83%"
"01/05/2015","18.00","18.00","18.00","18.00","","8.50%"
"01/02/2015","16.59","16.59","16.59","16.59","","4.27%"